{
  "data_dir": "runs/experiments/p3_full_parallel/data",
  "init_checkpoint": "runs/experiments/p3_full_parallel/training/joint_distill_0615/flowmap/joint_flowmap_ema060_bs4096_e15_0615/checkpoints/best.pt",
  "teacher_checkpoint": "runs/experiments/p3_full_parallel/training/joint_fm/joint_fm_512x6_bs8192_e60_ad0_lr2e4_ema9999_0613/checkpoints/ema_epoch_060.pt",
  "mc_oracle": "runs/experiments/p3_full_parallel/data/mc_oracle.npz",
  "method": "pricing_aware_flowmap",
  "model_config": {
    "state_dim": 2,
    "condition_dim": 5,
    "hidden_dim": 512,
    "time_embedding_dim": 64,
    "num_blocks": 6
  },
  "num_actions": 3,
  "include_prev_return": true,
  "normalization": {
    "log_v_mean": -3.3005776405334473,
    "log_v_std": 0.7750805616378784,
    "return_mean": 7.696966349612921e-05,
    "return_std": 0.013751840218901634
  },
  "dt": 0.003968253968253968,
  "n_steps": 252,
  "initial_v": 0.04,
  "initial_s": 100.0,
  "moneynesses": [
    0.85,
    0.9,
    0.95,
    1.0,
    1.05
  ],
  "maturities": [
    0.25,
    0.5,
    1.0
  ],
  "reference_prices": [
    [
      16.468265552444457,
      11.962839850692749,
      7.937952599334717,
      4.643885063247681,
      2.284692342758179
    ],
    [
      18.244219927978516,
      14.049091110229492,
      10.27771767578125,
      7.049012119064331,
      4.463736879348755
    ],
    [
      21.735477950668336,
      17.822393962097166,
      14.256763988265991,
      11.081118372802734,
      8.338978645019532
    ]
  ],
  "pricing_weight": 10.0,
  "distill_weight": 0.2,
  "price_floor": 1.0,
  "epochs": 6,
  "steps_per_epoch": 24,
  "path_batch_size": 512,
  "val_paths": 8192,
  "lr": 5e-05
}